{
	"아이폰01": {
		"deviceName": "아이폰01",
		"devicePurpose": "호연폰",
		"deviceInputerAddress": "1NWaAocGQBBRo3WwWCj5Fyps253NHqoJRWR9Ku",
		"teleport": 1,
		"address": "1Y5bxWUZzYe4dfVcaJmsN26EDy96vq6geNKiwV",
		"pubkey": "02f100b429f938c75a2b57b4e055440df300b50c6678a2449702162ce6a0424a95",
		"enrolledDate": 1503283892924
	},
	"testestest": {
		"deviceName": "testestest",
		"devicePurpose": "testestest",
		"deviceInputerAddress": "1HBpkwk9dytrvgf63EnGUCBjVmZitHygzQvcLM",
		"teleport": 1,
		"address": "1U9q1ZggsFASYccLzPm67mJNP89E72UR3ruTqy",
		"pubkey": "035af565f06cc72079c52794e69ee1c008a04a38db0a6e725bde5c10e9a1cb3659",
		"enrolledDate": 1503299102676
	},
	"gg": {
		"deviceName": "gg",
		"devicePurpose": "gg",
		"deviceInputerAddress": "1TbU3SSbYrGuBRhBns86nKCCwgKwDg1Uhhe33c",
		"teleport": "1",
		"address": "1Q9NYY1VJLoCtxjpiY8AhMmoAyenZXXL1Ed8q9",
		"pubkey": "0291a59d8aa5cad56aa01490db3e85b72db65e76e1615f85796e92fe3246caebbe",
		"enrolledDate": 1503368933235
	},
	"gagaga": {
		"deviceName": "gagaga",
		"devicePurpose": "gagaga",
		"deviceInputerAddress": "1ZmETGKS2begy1x8pVC753aL4wBTsZziEYcH11",
		"teleport": "1",
		"address": "1bCAfugVUuSfpBWfB3d9px5VjRBVZjRV1cf3C6",
		"pubkey": "023f5f95831589a5a183bfbd297f23c61ba0bfbcfdd9064ace2f84132e875e6f39",
		"enrolledDate": 1503369304861
	},
	"아이폰02": {
		"deviceName": "아이폰02",
		"devicePurpose": "테스트",
		"deviceInputerAddress": "1NWaAocGQBBRo3WwWCj5Fyps253NHqoJRWR9Ku",
		"teleport": "0",
		"address": "1F74BCL3kMTAELaMv5pWeVmzZFkSgXrBzWgrcv",
		"pubkey": "033d6eca15849019ba74093f6109c4de8393f1969557765a015cdc9535984ef89d",
		"enrolledDate": 1503369691051
	},
	"아이폰03": {
		"deviceName": "아이폰03",
		"devicePurpose": "테스트",
		"deviceInputerAddress": "1NWaAocGQBBRo3WwWCj5Fyps253NHqoJRWR9Ku",
		"teleport": "1",
		"address": "19gPVhJ7tuFnJnrLxSgoPiPuup5TcHsozW7yVA",
		"pubkey": "026f2b5e6dba8b9a206f156fa25d27a1645df1bdae7b53a683b2c6397d1f4c3365",
		"enrolledDate": 1503370177564
	},
	"아이폰04": {
		"deviceName": "아이폰04",
		"devicePurpose": "테스트",
		"deviceInputerAddress": "1NWaAocGQBBRo3WwWCj5Fyps253NHqoJRWR9Ku",
		"teleport": "1",
		"address": "1FEHJYZK2yiBanc3a76cyfjg94MminyPSR9sdV",
		"pubkey": "023b4ac8b3911243b73d67ff564a9aff4eb42c4b1539a9b6e811227e7dc21c6208",
		"enrolledDate": 1503375162778
	},
	"아이폰05": {
		"deviceName": "아이폰05",
		"devicePurpose": "1",
		"deviceInputerAddress": "1NWaAocGQBBRo3WwWCj5Fyps253NHqoJRWR9Ku",
		"teleport": "1",
		"address": "1RAwCHiFkSb5Yo7RT9QEG6HF6YkWnBmtZaPh6K",
		"pubkey": "03d7ebad3d1b13460ee84885d247d5904c536cb9504724cb3256bbf56754416278",
		"enrolledDate": 1503375386320
	},
	"아이폰06": {
		"deviceName": "아이폰06",
		"devicePurpose": "1",
		"deviceInputerAddress": "1NWaAocGQBBRo3WwWCj5Fyps253NHqoJRWR9Ku",
		"teleport": "1",
		"address": "18Mzos9wHvRtb4sXRxdmoNfGawMRFzrY9AuJ5f",
		"pubkey": "039127f03d366c9768a3e64d8f3f1897f58f8b330d2d6f6b37cefe035da00b3f90",
		"enrolledDate": 1503375477753
	},
	"아이폰07": {
		"deviceName": "아이폰07",
		"devicePurpose": "77",
		"deviceInputerAddress": "1NWaAocGQBBRo3WwWCj5Fyps253NHqoJRWR9Ku",
		"teleport": "1",
		"address": "18pEkhr7YVLSPwVNQStDWShUqQVphb1XJ3C3iP",
		"pubkey": "03c900f5985d88c9d8eba2a2099100e7b1b18b5e10ffa0de9539b3404abb5414c4",
		"enrolledDate": 1503375543672
	},
	"아이폰08": {
		"deviceName": "아이폰08",
		"devicePurpose": "88",
		"deviceInputerAddress": "1NWaAocGQBBRo3WwWCj5Fyps253NHqoJRWR9Ku",
		"teleport": "1",
		"address": "1PYSnrPvmGTwPbdnKFzkyAdpo4Ao9q4G7wdtXH",
		"pubkey": "02dd09d4fb7a32b87a8e123834c9e969ed71bed138601e2661b0f0258472fe770d",
		"enrolledDate": 1503375599826
	},
	"gggl": {
		"deviceName": "gggl",
		"devicePurpose": "gggl",
		"deviceInputerAddress": "1ZmETGKS2begy1x8pVC753aL4wBTsZziEYcH11",
		"teleport": "1",
		"address": "1RVBTPQYDnSW9PzU7dTYmxXWwcucBLwgmWePBB",
		"pubkey": "03a536ccdcfcce5633f7204c9841ed6b14b3a770107c43343916e8b96f21e6765d",
		"enrolledDate": 1503376040498
	},
	"아이폰09": {
		"deviceName": "아이폰09",
		"devicePurpose": "99",
		"deviceInputerAddress": "1NWaAocGQBBRo3WwWCj5Fyps253NHqoJRWR9Ku",
		"teleport": "0",
		"address": "14CFXi15ziTTwRfnW2DbhbtGjhoR6rmAqcdQ4k",
		"pubkey": "03c86145aca26114e247ad2288002366d9947ac5183a6991945fb3fe45487db19b",
		"enrolledDate": 1503376249434
	},
	"qqq": {
		"deviceName": "qqq",
		"devicePurpose": "qqq",
		"deviceInputerAddress": "1ZmETGKS2begy1x8pVC753aL4wBTsZziEYcH11",
		"teleport": "1",
		"address": "1UUajoAoot2Cga8Dg7Qor1ARDrHS25mZrkDujN",
		"pubkey": "0399e8af99f85f3742486d53abb3f703bc0db50535b1ad6e77a8fb835f7be63fb6",
		"enrolledDate": 1503377093884
	},
	"qqaaqa": {
		"deviceName": "qqaaqa",
		"devicePurpose": "123123",
		"deviceInputerAddress": "1ZmETGKS2begy1x8pVC753aL4wBTsZziEYcH11",
		"teleport": "1",
		"address": "19DS5bPj1fjbbLxMWF7N8zeZxYNW3VDDPD7uFQ",
		"pubkey": "03cce66e687c2c6ec627a87d31b723e584ff148146a5a21c7b2ba89f146ea701a8",
		"enrolledDate": 1503377867614
	}
}
