{
	"1NWaAocGQBBRo3WwWCj5Fyps253NHqoJRWR9Ku1Y5bxWUZzYe4dfVcaJmsN26EDy96vq6geNKiwV1503283892924": {
		"deviceAddress": "1Y5bxWUZzYe4dfVcaJmsN26EDy96vq6geNKiwV",
		"userAddress": "1NWaAocGQBBRo3WwWCj5Fyps253NHqoJRWR9Ku",
		"enrolledDate": 1503283892924
	},
	"1NWaAocGQBBRo3WwWCj5Fyps253NHqoJRWR9Ku1Y5bxWUZzYe4dfVcaJmsN26EDy96vq6geNKiwV1503302936320": {
		"deviceAddress": "1Y5bxWUZzYe4dfVcaJmsN26EDy96vq6geNKiwV",
		"userAddress": "1NWaAocGQBBRo3WwWCj5Fyps253NHqoJRWR9Ku",
		"enrolledDate": 1503302936320,
		"bookingTime": 1503305880000
	},
	"1NWaAocGQBBRo3WwWCj5Fyps253NHqoJRWR9Ku1Y5bxWUZzYe4dfVcaJmsN26EDy96vq6geNKiwV1503307080000": {
		"deviceAddress": "1Y5bxWUZzYe4dfVcaJmsN26EDy96vq6geNKiwV",
		"userAddress": "1NWaAocGQBBRo3WwWCj5Fyps253NHqoJRWR9Ku",
		"enrolledDate": 1503303376468,
		"bookingTime": 1503307080000
	},
	"1HBpkwk9dytrvgf63EnGUCBjVmZitHygzQvcLM1U9q1ZggsFASYccLzPm67mJNP89E72UR3ruTqy": {
		"deviceAddress": "1U9q1ZggsFASYccLzPm67mJNP89E72UR3ruTqy",
		"userAddress": "1HBpkwk9dytrvgf63EnGUCBjVmZitHygzQvcLM",
		"enrolledDate": 1503299102676
	},
	"1T5yKoW6V6p4nHnWspuwsaMGdH3wzd1QB41Xcz1Y5bxWUZzYe4dfVcaJmsN26EDy96vq6geNKiwV1503374760000": {
		"deviceAddress": "1Y5bxWUZzYe4dfVcaJmsN26EDy96vq6geNKiwV",
		"userAddress": "1T5yKoW6V6p4nHnWspuwsaMGdH3wzd1QB41Xcz",
		"enrolledDate": 1503363982501,
		"bookingTime": 1503374760000
	},
	"1T5yKoW6V6p4nHnWspuwsaMGdH3wzd1QB41Xcz1Y5bxWUZzYe4dfVcaJmsN26EDy96vq6geNKiwV1503378180000": {
		"deviceAddress": "1Y5bxWUZzYe4dfVcaJmsN26EDy96vq6geNKiwV",
		"userAddress": "1T5yKoW6V6p4nHnWspuwsaMGdH3wzd1QB41Xcz",
		"enrolledDate": 1503364048330,
		"bookingTime": 1503378180000
	},
	"1TbU3SSbYrGuBRhBns86nKCCwgKwDg1Uhhe33c1Q9NYY1VJLoCtxjpiY8AhMmoAyenZXXL1Ed8q91503368933235": {
		"deviceAddress": "1Q9NYY1VJLoCtxjpiY8AhMmoAyenZXXL1Ed8q9",
		"userAddress": "1TbU3SSbYrGuBRhBns86nKCCwgKwDg1Uhhe33c",
		"enrolledDate": 1503368933235
	},
	"1ZmETGKS2begy1x8pVC753aL4wBTsZziEYcH111bCAfugVUuSfpBWfB3d9px5VjRBVZjRV1cf3C61503369304861": {
		"deviceAddress": "1bCAfugVUuSfpBWfB3d9px5VjRBVZjRV1cf3C6",
		"userAddress": "1ZmETGKS2begy1x8pVC753aL4wBTsZziEYcH11",
		"enrolledDate": 1503369304861
	},
	"1NWaAocGQBBRo3WwWCj5Fyps253NHqoJRWR9Ku1N4fQdyYZn9rimGpsrUKjL8bqRz2ejvaWN55q1503369691024": {
		"deviceAddress": "1N4fQdyYZn9rimGpsrUKjL8bqRz2ejvaWN55q",
		"userAddress": "1NWaAocGQBBRo3WwWCj5Fyps253NHqoJRWR9Ku",
		"enrolledDate": 1503369691024
	},
	"1NWaAocGQBBRo3WwWCj5Fyps253NHqoJRWR9Ku19gPVhJ7tuFnJnrLxSgoPiPuup5TcHsozW7yVA1503370177564": {
		"deviceAddress": "19gPVhJ7tuFnJnrLxSgoPiPuup5TcHsozW7yVA",
		"userAddress": "1NWaAocGQBBRo3WwWCj5Fyps253NHqoJRWR9Ku",
		"enrolledDate": 1503370177564
	},
	"1NWaAocGQBBRo3WwWCj5Fyps253NHqoJRWR9Ku1FEHJYZK2yiBanc3a76cyfjg94MminyPSR9sdV1503375162778": {
		"deviceAddress": "1FEHJYZK2yiBanc3a76cyfjg94MminyPSR9sdV",
		"userAddress": "1NWaAocGQBBRo3WwWCj5Fyps253NHqoJRWR9Ku",
		"enrolledDate": 1503375162778
	},
	"1NWaAocGQBBRo3WwWCj5Fyps253NHqoJRWR9Ku1RAwCHiFkSb5Yo7RT9QEG6HF6YkWnBmtZaPh6K1503375386320": {
		"deviceAddress": "1RAwCHiFkSb5Yo7RT9QEG6HF6YkWnBmtZaPh6K",
		"userAddress": "1NWaAocGQBBRo3WwWCj5Fyps253NHqoJRWR9Ku",
		"enrolledDate": 1503375386320
	},
	"1NWaAocGQBBRo3WwWCj5Fyps253NHqoJRWR9Ku18Mzos9wHvRtb4sXRxdmoNfGawMRFzrY9AuJ5f1503375477753": {
		"deviceAddress": "18Mzos9wHvRtb4sXRxdmoNfGawMRFzrY9AuJ5f",
		"userAddress": "1NWaAocGQBBRo3WwWCj5Fyps253NHqoJRWR9Ku",
		"enrolledDate": 1503375477753
	},
	"1NWaAocGQBBRo3WwWCj5Fyps253NHqoJRWR9Ku18pEkhr7YVLSPwVNQStDWShUqQVphb1XJ3C3iP1503375543672": {
		"deviceAddress": "18pEkhr7YVLSPwVNQStDWShUqQVphb1XJ3C3iP",
		"userAddress": "1NWaAocGQBBRo3WwWCj5Fyps253NHqoJRWR9Ku",
		"enrolledDate": 1503375543672
	},
	"1NWaAocGQBBRo3WwWCj5Fyps253NHqoJRWR9Ku1PYSnrPvmGTwPbdnKFzkyAdpo4Ao9q4G7wdtXH1503375599826": {
		"deviceAddress": "1PYSnrPvmGTwPbdnKFzkyAdpo4Ao9q4G7wdtXH",
		"userAddress": "1NWaAocGQBBRo3WwWCj5Fyps253NHqoJRWR9Ku",
		"enrolledDate": 1503375599826
	},
	"1ZmETGKS2begy1x8pVC753aL4wBTsZziEYcH111RVBTPQYDnSW9PzU7dTYmxXWwcucBLwgmWePBB1503376040498": {
		"deviceAddress": "1RVBTPQYDnSW9PzU7dTYmxXWwcucBLwgmWePBB",
		"userAddress": "1ZmETGKS2begy1x8pVC753aL4wBTsZziEYcH11",
		"enrolledDate": 1503376040498
	},
	"1NWaAocGQBBRo3WwWCj5Fyps253NHqoJRWR9Ku14CFXi15ziTTwRfnW2DbhbtGjhoR6rmAqcdQ4k1503376249434": {
		"deviceAddress": "14CFXi15ziTTwRfnW2DbhbtGjhoR6rmAqcdQ4k",
		"userAddress": "1NWaAocGQBBRo3WwWCj5Fyps253NHqoJRWR9Ku",
		"enrolledDate": 1503376249434
	},
	"1ZmETGKS2begy1x8pVC753aL4wBTsZziEYcH111UUajoAoot2Cga8Dg7Qor1ARDrHS25mZrkDujN1503377093884": {
		"deviceAddress": "1UUajoAoot2Cga8Dg7Qor1ARDrHS25mZrkDujN",
		"userAddress": "1ZmETGKS2begy1x8pVC753aL4wBTsZziEYcH11",
		"enrolledDate": 1503377093884
	},
	"1ZmETGKS2begy1x8pVC753aL4wBTsZziEYcH1119DS5bPj1fjbbLxMWF7N8zeZxYNW3VDDPD7uFQ1503377867614": {
		"deviceAddress": "19DS5bPj1fjbbLxMWF7N8zeZxYNW3VDDPD7uFQ",
		"userAddress": "1ZmETGKS2begy1x8pVC753aL4wBTsZziEYcH11",
		"enrolledDate": 1503377867614
	},
	"1NWaAocGQBBRo3WwWCj5Fyps253NHqoJRWR9Ku1Y5bxWUZzYe4dfVcaJmsN26EDy96vq6geNKiwV1503383340000": {
		"deviceAddress": "1Y5bxWUZzYe4dfVcaJmsN26EDy96vq6geNKiwV",
		"userAddress": "1NWaAocGQBBRo3WwWCj5Fyps253NHqoJRWR9Ku",
		"enrolledDate": 1503379515719,
		"bookingTime": 1503383340000
	},
	"1NWaAocGQBBRo3WwWCj5Fyps253NHqoJRWR9Ku1U9q1ZggsFASYccLzPm67mJNP89E72UR3ruTqy1503390000000": {
		"deviceAddress": "1U9q1ZggsFASYccLzPm67mJNP89E72UR3ruTqy",
		"userAddress": "1NWaAocGQBBRo3WwWCj5Fyps253NHqoJRWR9Ku",
		"enrolledDate": 1503382854338,
		"bookingTime": 1503390000000
	},
	"1NWaAocGQBBRo3WwWCj5Fyps253NHqoJRWR9Ku1UUajoAoot2Cga8Dg7Qor1ARDrHS25mZrkDujN1503405660000": {
		"deviceAddress": "1UUajoAoot2Cga8Dg7Qor1ARDrHS25mZrkDujN",
		"userAddress": "1NWaAocGQBBRo3WwWCj5Fyps253NHqoJRWR9Ku",
		"enrolledDate": 1503391289402,
		"bookingTime": 1503405660000
	},
	"1NWaAocGQBBRo3WwWCj5Fyps253NHqoJRWR9Ku1Q9NYY1VJLoCtxjpiY8AhMmoAyenZXXL1Ed8q91503419460000": {
		"deviceAddress": "1Q9NYY1VJLoCtxjpiY8AhMmoAyenZXXL1Ed8q9",
		"userAddress": "1NWaAocGQBBRo3WwWCj5Fyps253NHqoJRWR9Ku",
		"enrolledDate": 1503412350786,
		"bookingTime": 1503419460000
	}
}
