{
	"admin": {
		"username": "admin",
		"password": "admin",
		"address": "1NWaAocGQBBRo3WwWCj5Fyps253NHqoJRWR9Ku",
		"pubkey": "039fe44bdd88c037e063ee9a2a65337868fb039f2d9cc3a57acb9470fad725125a",
		"enrolledDate": 1503283793830
	},
	"test": {
		"username": "test",
		"password": "test",
		"address": "1GYGdEakL5UHe6DSsz3WLwzaLx7UhYAYkg1xcN",
		"pubkey": "03c8060c7d23aa1a09f1dc77ddcac63bbf23f794dcc110aa47cad65fd717664cd4",
		"enrolledDate": 1503283440257
	},
	"ppp": {
		"username": "ppp",
		"password": "ppp",
		"address": "1CXmMJsZ3XXJYqPzePLrbEJRsywLv2JLdqmCxE",
		"pubkey": "024649d4e2d8b028ad1d9910057213aea8fd524d142de0cd78d7b523f88c85981d",
		"enrolledDate": 1503283657961
	},
	"testest": {
		"username": "testest",
		"password": "testest",
		"address": "1HBpkwk9dytrvgf63EnGUCBjVmZitHygzQvcLM",
		"pubkey": "03f495abcca24392ab0cc0ce78d1ec5a83c80ded4dd72d7668ae07debfb739ed82",
		"enrolledDate": 1503299045441
	},
	"overlaytest": {
		"username": "overlaytest",
		"password": "test",
		"address": "1R1EidigMu8GLXqFB9vhPgeMrgRarZ3i7XNxVE",
		"pubkey": "02d9c8c3595bba9dd0fbf0b811375a8f26dbab309184807778206d446134781ca8",
		"enrolledDate": 1503327041231
	},
	"test222": {
		"username": "test222",
		"password": "test",
		"address": "12qF8a4gEbVuWUcBYkRbUmeivjctzAvN3YwU2e",
		"pubkey": "03d523b34629a730ebabf8612afb0486be3e94851ac59a494094a61ac485cf2017",
		"enrolledDate": 1503328486389
	},
	"gogo": {
		"username": "gogo",
		"password": "gogo",
		"address": "1ER47KgW47z891Fkmpp4xaQjx2RCftsAq3foPB",
		"pubkey": "029f8e6f3c10d5a89e618ebbf02b84766881326fafd373a55ed4f40a6881cfb569",
		"enrolledDate": 1503328828974
	},
	"button": {
		"username": "button",
		"password": "button",
		"address": "17Zmy2xqFfYWbFybz1WjhZs6DwiW3UJR2HjSS5",
		"pubkey": "038d55f525f402ae7f37466f26bbdfa1683350bb4b625c7ad19e7efdaefe76b322",
		"enrolledDate": 1503328860427
	},
	"g": {
		"username": "g",
		"password": "g",
		"address": "14mFPV36nc7EWLpXmujbLM386wnDZat7NhsKBc",
		"pubkey": "03e1c4a33b5b0c7d0c95e67c6c0d6e56db38d3f7f87f5f554e7990e67c5185f514",
		"enrolledDate": 1503328891233
	},
	"trtrtr": {
		"username": "trtrtr",
		"password": "123",
		"address": "1T5yKoW6V6p4nHnWspuwsaMGdH3wzd1QB41Xcz",
		"pubkey": "03256d5bdefd7ac9790cb584a5dc46af787ee998272723a5024cec8e3f55ccc78e",
		"enrolledDate": 1503361999035
	},
	"hello": {
		"username": "hello",
		"password": "hello",
		"address": "1TbU3SSbYrGuBRhBns86nKCCwgKwDg1Uhhe33c",
		"pubkey": "037e40ab82157a19c1db55a8e2f22c596a50f33bc3cca03cefca6928e96e66443e",
		"enrolledDate": 1503368653588
	},
	"aaaa": {
		"username": "aaaa",
		"password": "aaaa",
		"address": "1ZmETGKS2begy1x8pVC753aL4wBTsZziEYcH11",
		"pubkey": "02c436f277b4e3b19dadc640a0b1c049a7eaf845da23b14b48cc800008268931b8",
		"enrolledDate": 1503369260461
	}
}
